<?xml version="1.0" encoding="UTF-8"?><artifacts>
    <artifact name="reservations" groupId="com.example.api" version="1.0.0" type="synapse/api" serverRole="EnterpriseServiceBus">
        <file>src/main/synapse-config/api/reservations.xml</file>
    </artifact>
    <artifact name="GetReservations" groupId="com.example.endpoint" version="1.0.0" type="synapse/endpoint" serverRole="EnterpriseServiceBus">
        <file>src/main/synapse-config/endpoints/GetReservations.xml</file>
    </artifact>
    <artifact name="rooms" groupId="com.example.api" version="1.0.0" type="synapse/api" serverRole="EnterpriseServiceBus">
        <file>src/main/synapse-config/api/rooms.xml</file>
    </artifact>
    <artifact name="GetRooms" groupId="com.example.endpoint" version="1.0.0" type="synapse/endpoint" serverRole="EnterpriseServiceBus">
        <file>src/main/synapse-config/endpoints/GetRooms.xml</file>
    </artifact>
    <artifact name="map" groupId="com.example.api" version="1.0.0" type="synapse/api" serverRole="EnterpriseServiceBus">
        <file>src/main/synapse-config/api/map.xml</file>
    </artifact>
    <artifact name="mapLocation" groupId="com.example.endpoint" version="1.0.0" type="synapse/endpoint" serverRole="EnterpriseServiceBus">
        <file>src/main/synapse-config/endpoints/mapLocation.xml</file>
    </artifact>
    <artifact name="payments" groupId="com.example.api" version="1.0.0" type="synapse/api" serverRole="EnterpriseServiceBus">
        <file>src/main/synapse-config/api/payments.xml</file>
    </artifact>
    <artifact name="AddPayments" groupId="com.example.endpoint" version="1.0.0" type="synapse/endpoint" serverRole="EnterpriseServiceBus">
        <file>src/main/synapse-config/endpoints/AddPayments.xml</file>
    </artifact>
    <artifact name="AddRooms" groupId="com.example.endpoint" version="1.0.0" type="synapse/endpoint" serverRole="EnterpriseServiceBus">
        <file>src/main/synapse-config/endpoints/AddRooms.xml</file>
    </artifact>
    <artifact name="users" groupId="com.example.api" version="1.0.0" type="synapse/api" serverRole="EnterpriseServiceBus">
        <file>src/main/synapse-config/api/users.xml</file>
    </artifact>
    <artifact name="getUsers" groupId="com.example.endpoint" version="1.0.0" type="synapse/endpoint" serverRole="EnterpriseServiceBus">
        <file>src/main/synapse-config/endpoints/getUsers.xml</file>
    </artifact>
    <artifact name="taxi" groupId="com.example.api" version="1.0.0" type="synapse/api" serverRole="EnterpriseServiceBus">
        <file>src/main/synapse-config/api/taxi.xml</file>
    </artifact>
    <artifact name="getTaxi" groupId="com.example.endpoint" version="1.0.0" type="synapse/endpoint" serverRole="EnterpriseServiceBus">
        <file>src/main/synapse-config/endpoints/getTaxi.xml</file>
    </artifact>
    <artifact name="AddTaxi" groupId="com.example.endpoint" version="1.0.0" type="synapse/endpoint" serverRole="EnterpriseServiceBus">
        <file>src/main/synapse-config/endpoints/AddTaxi.xml</file>
    </artifact>
    <artifact name="AddUsers" groupId="com.example.endpoint" version="1.0.0" type="synapse/endpoint" serverRole="EnterpriseServiceBus">
        <file>src/main/synapse-config/endpoints/AddUsers.xml</file>
    </artifact>
    <artifact name="UpdateUser" groupId="com.example.endpoint" version="1.0.0" type="synapse/endpoint" serverRole="EnterpriseServiceBus">
        <file>src/main/synapse-config/endpoints/UpdateUser.xml</file>
    </artifact>
    <artifact name="DeleteUser" groupId="com.example.endpoint" version="1.0.0" type="synapse/endpoint" serverRole="EnterpriseServiceBus">
        <file>src/main/synapse-config/endpoints/DeleteUser.xml</file>
    </artifact>
    <artifact name="UpdateRoom" groupId="com.example.endpoint" version="1.0.0" type="synapse/endpoint" serverRole="EnterpriseServiceBus">
        <file>src/main/synapse-config/endpoints/UpdateRoom.xml</file>
    </artifact>
    <artifact name="DeleteRoom" groupId="com.example.endpoint" version="1.0.0" type="synapse/endpoint" serverRole="EnterpriseServiceBus">
        <file>src/main/synapse-config/endpoints/DeleteRoom.xml</file>
    </artifact>
    <artifact name="AddReservation" groupId="com.example.endpoint" version="1.0.0" type="synapse/endpoint" serverRole="EnterpriseServiceBus">
        <file>src/main/synapse-config/endpoints/AddReservation.xml</file>
    </artifact>
    <artifact name="UpdateReservation" groupId="com.example.endpoint" version="1.0.0" type="synapse/endpoint" serverRole="EnterpriseServiceBus">
        <file>src/main/synapse-config/endpoints/UpdateReservation.xml</file>
    </artifact>
    <artifact name="DeleteReservation" groupId="com.example.endpoint" version="1.0.0" type="synapse/endpoint" serverRole="EnterpriseServiceBus">
        <file>src/main/synapse-config/endpoints/DeleteReservation.xml</file>
    </artifact>
</artifacts>
