<?xml version="1.0" encoding="UTF-8"?>
<api context="/payments" name="payments" xmlns="http://ws.apache.org/ns/synapse">
    <resource methods="POST">
        <inSequence>
            <log>
                <property name="Message" value="Welcome to Payment Service"/>
            </log>
            <send>
                <endpoint key="AddPayments"/>
            </send>
        </inSequence>
        <outSequence>
            <send/>
        </outSequence>
        <faultSequence/>
    </resource>
</api>
