<?xml version="1.0" encoding="UTF-8"?>
<api context="/reservations" name="reservations" xmlns="http://ws.apache.org/ns/synapse">
    <resource methods="DELETE POST PUT GET">
        <inSequence>
            <log>
                <property name="Message" value="Welcome to Reservation Service"/>
            </log>
            <send>
                <endpoint key="GetReservations"/>
            </send>
        </inSequence>
        <outSequence>
            <send/>
        </outSequence>
        <faultSequence/>
    </resource>
    <resource methods="POST" url-mapping="/AddReservation">
        <inSequence>
            <log>
                <property name="Message" value="Welcome to Add Reservation Service"/>
            </log>
            <send>
                <endpoint key="AddReservation"/>
            </send>
        </inSequence>
        <outSequence>
            <send/>
        </outSequence>
        <faultSequence/>
    </resource>
    <resource methods="PUT" url-mapping="/UpdateReservation">
        <inSequence>
            <log>
                <property name="Message" value="Welcome to Update Reservation Service"/>
            </log>
            <send>
                <endpoint key="UpdateReservation"/>
            </send>
        </inSequence>
        <outSequence>
            <send/>
        </outSequence>
        <faultSequence/>
    </resource>
    <resource methods="DELETE" url-mapping="/DeleteReservation">
        <inSequence>
            <log>
                <property name="Message" value="Welcome to Delete Reservation Service"/>
            </log>
            <send>
                <endpoint key="DeleteReservation"/>
            </send>
        </inSequence>
        <outSequence>
            <send/>
        </outSequence>
        <faultSequence/>
    </resource>
</api>
