<?xml version="1.0" encoding="UTF-8"?>
<api context="/rooms" name="rooms" xmlns="http://ws.apache.org/ns/synapse">
    <resource methods="DELETE POST PUT GET">
        <inSequence>
            <log>
                <property name="Message" value="Welcome to Room Service"/>
            </log>
            <send>
                <endpoint key="GetRooms"/>
            </send>
        </inSequence>
        <outSequence>
            <send/>
        </outSequence>
        <faultSequence/>
    </resource>
    <resource methods="POST" url-mapping="/AddRoom">
        <inSequence>
            <log>
                <property name="Message" value="Welcome to Add Room Service"/>
            </log>
            <send>
                <endpoint key="AddRooms"/>
            </send>
        </inSequence>
        <outSequence>
            <send/>
        </outSequence>
        <faultSequence/>
    </resource>
    <resource methods="PUT" url-mapping="/UpdateRoom">
        <inSequence>
            <log>
                <property name="Message" value="Welcome to Update Room Service"/>
            </log>
            <send>
                <endpoint key="UpdateRoom"/>
            </send>
        </inSequence>
        <outSequence>
            <send/>
        </outSequence>
        <faultSequence/>
    </resource>
    <resource methods="DELETE" url-mapping="/DeleteRoom">
        <inSequence>
            <log>
                <property name="Message" value="Welcome to Delete Room Service"/>
            </log>
            <send>
                <endpoint key="DeleteRoom"/>
            </send>
        </inSequence>
        <outSequence>
            <send/>
        </outSequence>
        <faultSequence/>
    </resource>
</api>
