<?xml version="1.0" encoding="UTF-8"?>
<api context="/taxi" name="taxi" xmlns="http://ws.apache.org/ns/synapse">
    <resource methods="GET">
        <inSequence>
            <log>
                <property name="Message" value="Welcome to Taxi Service"/>
            </log>
            <send>
                <endpoint key="getTaxi"/>
            </send>
        </inSequence>
        <outSequence>
            <send/>
        </outSequence>
        <faultSequence/>
    </resource>
    <resource methods="GET" url-mapping="/AddTaxi">
        <inSequence>
            <log>
                <property name="Message" value="Welcome to Taxi Service"/>
            </log>
            <send>
                <endpoint key="AddTaxi"/>
            </send>
        </inSequence>
        <outSequence>
            <send/>
        </outSequence>
        <faultSequence/>
    </resource>
</api>
