<?xml version="1.0" encoding="UTF-8"?>
<api context="/users" name="users" xmlns="http://ws.apache.org/ns/synapse">
    <resource methods="GET">
        <inSequence>
            <log>
                <property name="Message" value="Welcome to user service"/>
            </log>
            <send>
                <endpoint key="getUsers"/>
            </send>
        </inSequence>
        <outSequence>
            <send/>
        </outSequence>
        <faultSequence/>
    </resource>
    <resource methods="POST" url-mapping="/AddUsers">
        <inSequence>
            <log>
                <property name="Message" value="Welcome to User Service"/>
            </log>
            <send>
                <endpoint key="AddUsers"/>
            </send>
        </inSequence>
        <outSequence>
            <send/>
        </outSequence>
        <faultSequence/>
    </resource>
    <resource methods="GET" url-mapping="/UpdateUser">
        <inSequence>
            <log>
                <property name="Message" value="Welcome to User Service"/>
            </log>
            <send>
                <endpoint key="UpdateUser"/>
            </send>
        </inSequence>
        <outSequence>
            <send/>
        </outSequence>
        <faultSequence/>
    </resource>
    <resource methods="DELETE" url-mapping="/DeleteUser">
        <inSequence>
            <log/>
            <send>
                <endpoint key="DeleteUser"/>
            </send>
        </inSequence>
        <outSequence>
            <send/>
        </outSequence>
        <faultSequence/>
    </resource>
</api>
